rrl	0	0	A2270C	1	cons_res
rrl	0	0	A2270G	1	cons_res
rrl	0	0	A2270T	1	cons_res
rrl	0	0	A2271C	2	cons_res
rrl	0	0	A2271G	2	cons_res
rrl	0	0	A2271T	2	cons_res
rrl	0	0	A2039G	3	denov_res
rrl	0	0	T1401C	4	denov_res
rrl	0	0	T371C	5	denov_res
rrl	0	0	G795A	6	denov_res
rrl	0	0	G2279A	7	denov_res
rrl	0	0	A2269G	8	denov_res
rrl	0	0	A1932G	9	denov_res
rrl	0	0	A2293G	10	lit_res
rrl	0	0	G2281C	11	lit_res
erm41	0	0	C19T	12	lit_sens
erm41	0	0	T28C	13	sens
erm41	0	0	C392T	14	denov_res
erm41_promot	0	0	A110T	15	denov_res	
